Column,Max,Min
0,122.095,41.9
1,117.717,41.9
2,9.02004,-16.5132
3,6751.21,-34.4629
4,252.641,91.5539
5,177.889,-178.065
6,14.3175,-13.8149
7,33.9378,-41.9
8,3746.0,78.0
9,0.6942,-0.72345
10,177.889,-179.999
11,0.388668,-0.401408
12,87.0402,55.0235
13,1054.09,847.315
14,7.78288,-9.34688
15,35.8298,-31.7804
16,33.9979,-41.5488
17,273.552,-241.641
18,1.46601,-1.19966
19,49.9181,-0.284595
