Column,Max,Min
0,123.875,41.9
1,124.1,41.9
2,8.63557,-15.6296
3,4256.48,580.929
4,261.795,69.2132
5,139.921,-145.018
6,7.55503,-16.7317
7,24.1589,-41.9
8,3766.0,77.0
9,0.5733,-0.76674
10,178.944,-177.01
11,0.401212,-0.401408
12,90.1582,50.97
13,1041.62,908.825
14,6.88591,-12.9036
15,29.1665,-28.6203
16,42.8472,-50.6404
17,216.407,-212.253
18,1.48499,-1.21929
19,55.0192,-0.283158
