Column,Max,Min
0,124.223,41.9
1,124.121,41.9
2,10.1911,-15.1067
3,14039.2,272.786
4,248.726,91.4989
5,177.889,-179.999
6,11.5,-16.9635
7,21.0902,-41.9
8,3746.0,77.0
9,0.79209,-0.75036
10,178.944,-179.999
11,0.396312,-0.401408
12,94.2826,54.6841
13,1036.45,639.032
14,7.41017,-13.7328
15,39.779,-33.8858
16,41.9822,-45.4251
17,244.214,-233.985
18,1.52853,-1.29995
19,47.3996,-0.320023
