Column,Max,Min
0,105.361,41.9
1,100.042,41.9
2,7.23978,-16.4487
3,3905.66,256.346
4,249.318,94.7245
5,177.889,-160.048
6,10.572,-12.9363
7,40.2184,-41.9
8,3717.0,78.0
9,0.58383,-0.68952
10,178.944,-179.999
11,0.381612,-0.401408
12,89.8852,55.8499
13,1039.93,937.834
14,5.87627,-11.463
15,31.1677,-28.2296
16,10.3143,-39.0425
17,235.838,-211.49
18,1.47741,-1.29812
19,40.8544,-0.191293
