Column,Max,Min
0,123.057,41.9
1,124.284,41.9
2,8.79086,-15.7529
3,3979.59,495.952
4,231.814,95.2392
5,174.901,-171.034
6,20.3594,-19.3475
7,40.2593,-41.9
8,3718.0,96.0
9,0.70863,-0.79833
10,169.891,-110.038
11,0.382984,-0.401408
12,94.9447,53.8153
13,1032.11,927.846
14,6.33479,-11.9117
15,35.1216,-30.5435
16,13.0552,-34.7901
17,167.679,-111.226
18,1.59233,-1.47681
19,45.1812,-0.802605
