Column,Max,Min
0,124.264,41.9
1,124.264,41.9
2,11.4833,-15.9349
3,11732.1,274.409
4,228.19,89.8278
5,175.956,-179.999
6,14.0547,-24.0135
7,40.3002,-41.9
8,3725.0,96.0
9,0.73359,-0.79872
10,178.944,-179.999
11,0.386316,-0.401408
12,93.9,53.9055
13,1087.45,686.74
14,7.60201,-14.0933
15,37.0489,-33.4265
16,50.2773,-51.1502
17,244.507,-243.568
18,1.53639,-1.39903
19,52.0439,-0.524812
