Column,Max,Min
0,124.141,41.9
1,118.863,41.9
2,11.0898,-15.5332
3,5275.61,296.459
4,254.363,87.3051
5,173.934,-179.999
6,11.2205,-17.1727
7,33.6923,-41.9
8,3745.0,77.0
9,0.70317,-0.79872
10,178.944,-179.999
11,0.391608,-0.401408
12,91.8986,52.5767
13,1048.93,881.755
14,7.34156,-14.8831
15,33.7921,-36.0183
16,51.6016,-56.1221
17,258.264,-251.059
18,1.46393,-1.38125
19,48.8414,-0.308252
