Column,Max,Min
0,124.018,41.9
1,119.804,41.9
2,10.1988,-15.2109
3,7704.83,-30.2865
4,253.406,73.7175
5,176.923,-178.065
6,13.7488,-22.705
7,39.5228,-41.9
8,3766.0,78.0
9,0.78429,-0.79092
10,178.944,-179.999
11,0.396704,-0.401408
12,93.1393,51.0569
13,1087.82,785.236
14,7.49554,-14.582
15,35.9536,-40.5018
16,49.548,-52.6468
17,253.526,-239.532
18,1.43845,-1.25358
19,49.8862,-0.457148
