Column,Max,Min
0,124.121,41.9
1,102.906,41.9
2,8.09989,-17.7163
3,7246.47,-9.37543
4,252.865,92.6243
5,176.923,-178.065
6,9.55487,-12.958
7,39.707,-41.9
8,3734.0,94.0
9,0.73827,-0.77571
10,177.889,-179.999
11,0.384356,-0.401408
12,88.7079,55.1879
13,1055.5,800.09
14,6.56362,-11.1738
15,29.0037,-34.3915
16,12.4577,-41.9104
17,239.306,-238.092
18,1.43267,-1.31771
19,38.4589,-0.319679
