Column,Max,Min
0,124.08,41.9
1,124.182,41.9
2,10.5096,-15.8783
3,7366.94,154.292
4,250.621,89.5627
5,177.889,-178.065
6,16.7588,-19.3794
7,40.3002,-41.9
8,3766.0,78.0
9,0.79833,-0.79872
10,178.944,-179.999
11,0.393764,-0.401408
12,92.8102,30.5339
13,1046.79,802.542
14,7.1208,-13.9176
15,50.148,-38.8371
16,50.5213,-57.908
17,247.81,-248.17
18,1.46626,-1.34573
19,56.1713,-0.376873
