Column,Max,Min
0,106.199,41.9
1,102.333,41.9
2,7.97824,-14.7834
3,4939.03,781.702
4,236.706,88.6471
5,118.915,-61.0835
6,14.1967,-21.6421
7,18.9012,-41.9
8,3738.0,78.0
9,0.54951,-0.75231
10,148.886,-133.065
11,0.382984,-0.377692
12,91.5332,54.9065
13,1034.03,886.548
14,6.35877,-12.3711
15,28.3147,-30.1664
16,13.344,-42.7794
17,175.954,-132.89
18,1.32468,-1.19279
19,61.5348,-0.171958
