Column,Max,Min
0,123.896,41.9
1,117.492,41.9
2,8.42572,-14.9914
3,3990.36,499.378
4,244.1,90.0034
5,177.889,-178.065
6,13.1056,-10.8403
7,33.6923,-41.9
8,3765.0,-2.66191e-11
9,0.50934,-0.72462
10,178.944,-179.032
11,0.389648,-0.401408
12,92.1509,54.3165
13,1026.71,922.444
14,7.91187,-9.41851
15,33.5377,-30.1747
16,42.1191,-51.606
17,213.556,-252.758
18,1.34178,-3.9456
19,53.8558,-0.482664
