Column,Max,Min
0,121.932,41.9
1,123.855,41.9
2,9.43443,-15.7867
3,11622.6,342.404
4,249.938,92.7674
5,175.956,-177.01
6,13.7975,-13.9094
7,15.4642,-41.9
8,3765.0,-1.65285e-09
9,0.62361,-0.7878
10,178.944,-179.999
11,0.395332,-0.401408
12,92.8778,54.1132
13,1029.49,689.232
14,6.97135,-12.7781
15,36.7535,-35.2736
16,45.2335,-49.5645
17,241.798,-239.646
18,1.48979,-3.53019
19,50.3748,-0.448575
