Column,Max,Min
0,123.998,41.9
1,102.435,41.9
2,6.44681,-16.631
3,3335.26,574.471
4,252.799,89.367
5,34.9802,-151.083
6,12.3402,-14.1221
7,15.0551,-41.9
8,3718.0,96.0
9,0.69732,-0.79872
10,178.944,-179.032
11,0.369852,-0.38612
12,90.416,53.3188
13,1035.43,946.638
14,6.75556,-10.861
15,28.1183,-28.2147
16,17.9878,-29.2964
17,208.997,-211.581
18,1.33366,-1.3654
19,44.1095,-0.160632
