Column,Max,Min
0,124.223,41.9
1,100.205,41.9
2,9.26767,-15.912
3,5979.02,589.645
4,251.211,85.4549
5,34.9802,-145.018
6,9.68168,-11.4498
7,34.6129,-41.9
8,3765.0,-1.70003e-11
9,0.50817,-0.79872
10,170.946,-179.999
11,0.348292,-0.396704
12,89.9942,54.5815
13,1039.04,880.944
14,7.82977,-11.0846
15,24.7196,-28.1307
16,49.9398,-56.2323
17,206.971,-207.978
18,1.75984,-3.94362
19,45.8262,-0.245716
