Column,Max,Min
0,124.121,41.9
1,101.617,41.9
2,10.0756,-15.2149
3,3491.69,218.323
4,257.64,93.3804
5,177.889,-160.048
6,11.9502,-12.2286
7,40.198,-41.9
8,3746.0,-9.06681e-12
9,0.5226,-0.74724
10,178.944,-179.999
11,0.387296,-0.401408
12,91.5081,51.565
13,1087.26,942.617
14,6.32548,-10.5123
15,36.6181,-33.3393
16,44.6247,-54.3909
17,261.4,-257.949
18,1.46264,-3.78788
19,40.4809,-0.287869
