Column,Max,Min
0,124.1,41.9
1,98.0777,41.9
2,5.86537,-15.8163
3,3439.22,520.477
4,240.581,92.9025
5,173.934,-176.044
6,20.4798,-9.81148
7,15.9552,-41.9
8,3725.0,96.0
9,0.54288,-0.6747
10,178.944,-179.032
11,0.388864,-0.39004
12,88.7955,54.9275
13,1031.29,929.033
14,6.17383,-10.2469
15,34.7542,-28.1874
16,13.5091,-38.1596
17,239.959,-217.189
18,1.45502,-1.28621
19,45.8096,-0.244322
