Column,Max,Min
0,123.793,41.9
1,123.896,41.9
2,8.74933,-18.1372
3,3545.4,544.245
4,224.997,92.6059
5,61.9624,-146.073
6,16.5508,-18.4122
7,40.2798,-41.9
8,3718.0,96.0
9,0.67548,-0.79872
10,177.889,-179.999
11,0.401212,-0.401408
12,90.0773,54.4806
13,1088.28,925.19
14,6.9435,-11.2201
15,29.8884,-24.9128
16,16.7368,-34.4763
17,210.009,-209.923
18,1.53952,-1.33215
19,53.0108,-0.313323
