Column,Max,Min
0,124.018,41.9
1,101.965,41.9
2,7.90772,-16.2997
3,11632.9,262.189
4,237.128,92.0488
5,174.901,-177.01
6,15.9983,-13.5649
7,36.3314,-41.9
8,3765.0,78.0
9,0.66339,-0.79872
10,177.889,-179.999
11,0.378476,-0.39396
12,93.2387,54.9555
13,1035.89,675.149
14,6.41848,-16.4001
15,39.4377,-37.7606
16,16.3274,-39.0207
17,250.042,-264.557
18,1.5888,-1.25431
19,48.4549,-0.321656
