Column,Max,Min
0,124.162,41.9
1,124.325,41.9
2,10.0848,-15.9209
3,4473.07,506.227
4,251.536,87.7615
5,176.923,-179.999
6,19.7977,-22.436
7,40.2798,-41.9
8,3726.0,96.0
9,0.77454,-0.78624
10,178.944,-179.999
11,0.401212,-0.401408
12,93.4277,51.7215
13,1039.46,896.462
14,7.40351,-13.1981
15,37.9796,-30.9403
16,16.4732,-32.6588
17,254.373,-269.136
18,1.47841,-1.37129
19,50.9492,-0.445926
