Column,Max,Min
0,124.121,41.9
1,111.662,41.9
2,7.31175,-17.1064
3,3891.43,753.318
4,239.352,93.6129
5,118.915,-61.0835
6,16.5163,-15.6758
7,36.8019,-41.9
8,3726.0,78.0
9,0.63492,-0.70824
10,169.891,-177.01
11,0.381808,-0.401408
12,88.2868,53.205
13,1040.27,932.876
14,5.79521,-10.5788
15,34.2184,-31.9535
16,17.0324,-41.9975
17,210.29,-209.421
18,1.50748,-1.28469
19,45.0052,-0.257006
