Column,Max,Min
0,124.223,41.9
1,124.203,41.9
2,10.846,-16.6251
3,7949.52,-45.2806
4,244.688,77.4513
5,178.944,-179.032
6,17.0349,-17.1156
7,40.3002,-41.9
8,3765.0,78.0
9,0.79833,-0.79872
10,178.944,-179.999
11,0.396704,-0.401408
12,92.4032,51.888
13,1086.97,792.7
14,8.35861,-11.6975
15,34.1695,-40.0569
16,50.0464,-58.1668
17,240.311,-246.808
18,1.54127,-1.38402
19,50.7719,-0.366089
