Column,Max,Min
0,98.4868,41.9
1,96.0523,41.9
2,8.09315,-16.3175
3,4786.83,166.006
4,253.971,93.3218
5,177.889,-160.048
6,13.218,-20.6442
7,20.0264,-41.9
8,3766.0,94.0
9,0.70083,-0.69069
10,176.923,-179.999
11,0.38514,-0.401408
12,92.7762,55.5932
13,1060.16,877.732
14,8.21644,-13.0934
15,35.9666,-41.0647
16,44.1232,-47.259
17,213.626,-244.124
18,1.51518,-1.16553
19,50.8733,-0.337843
